pdb_id,label_asym_id,auth_asym_id,label_seq_id,auth_seq_id,label_comp_id,auth_comp_id,polymer_flag,occupancy_flag,PDB_ins_code
5YWY,A,A,1,1,GLY,GLY,Y,1,?
5YWY,A,A,2,2,THR,THR,Y,1,?
5YWY,A,A,3,3,SER,SER,Y,1,?
5YWY,A,A,4,4,PRO,PRO,Y,1,?
5YWY,A,A,5,5,GLY,GLY,Y,1,?
5YWY,A,A,6,6,VAL,VAL,Y,1,?
5YWY,A,A,7,7,GLN,GLN,Y,1,?
5YWY,A,A,8,8,SER,SER,Y,1,?
5YWY,A,A,9,9,SER,SER,Y,1,?
5YWY,A,A,10,10,ALA,ALA,Y,1,?
5YWY,A,A,11,11,SER,SER,Y,1,?
5YWY,A,A,12,12,LEU,LEU,Y,1,?
5YWY,A,A,13,13,SER,SER,Y,1,?
5YWY,A,A,14,14,PRO,PRO,Y,1,?
5YWY,A,A,15,15,ASP,ASP,Y,1,?
5YWY,A,A,16,16,ARG,ARG,Y,1,?
5YWY,A,A,17,17,LEU,LEU,Y,1,?
5YWY,A,A,215,257,ARG,ARG,Y,1,?
5YWY,A,A,216,258,GLN,GLN,Y,1,?
5YWY,A,A,217,259,PHE,PHE,Y,1,?
5YWY,A,A,218,260,PHE,PHE,Y,1,?
5YWY,A,A,219,261,ARG,ARG,Y,1,?
5YWY,A,A,220,262,ARG,ARG,Y,1,?
5YWY,A,A,221,263,ILE,ILE,Y,1,?
5YWY,A,A,305,347,LEU,LEU,Y,1,?
5YWY,A,A,306,348,PHE,PHE,Y,1,?
5YWY,A,A,307,349,CYS,CYS,Y,1,?
5YWY,A,A,308,350,ARG,ARG,Y,1,?
5YWY,A,A,309,351,ILE,ILE,Y,1,?
5YWY,A,A,310,352,GLY,GLY,Y,1,?
5YWY,A,A,311,353,GLY,GLY,Y,1,?
5YWY,A,A,312,354,SER,SER,Y,1,?
5YWY,A,A,313,355,ARG,ARG,Y,1,?
5YWY,A,A,314,356,ARG,ARG,Y,1,?
5YWY,A,A,315,357,GLU,GLU,Y,1,?
5YWY,A,A,316,358,ARG,ARG,Y,1,?
5YWY,A,A,317,359,SER,SER,Y,1,?
5YWY,A,A,318,360,GLY,GLY,Y,1,?
5YWY,A,A,319,361,GLN,GLN,Y,1,?
5YWY,A,A,320,362,HIS,HIS,Y,1,?
5YWY,A,A,321,363,CYS,CYS,Y,1,?
5YWY,A,A,322,364,SER,SER,Y,1,?
5YWY,A,A,323,365,ASP,ASP,Y,1,?
5YWY,A,A,324,366,SER,SER,Y,1,?
5YWY,A,A,325,367,LEU,LEU,Y,1,?
5YWY,A,A,326,368,GLU,GLU,Y,1,?
5YWY,A,A,327,369,GLU,GLU,Y,1,?
5YWY,A,A,328,370,ASN,ASN,Y,1,?
5YWY,A,A,329,371,LEU,LEU,Y,1,?
5YWY,A,A,330,372,TYR,TYR,Y,1,?
5YWY,A,A,331,373,PHE,PHE,Y,1,?
5YWY,A,A,332,374,GLN,GLN,Y,1,?
7D7M,A,A,1,0,GLY,GLY,Y,1,?
7D7M,A,A,2,1,PRO,PRO,Y,1,?
7D7M,A,A,3,2,THR,THR,Y,1,?
7D7M,A,A,4,3,SER,SER,Y,1,?
7D7M,A,A,5,4,PRO,PRO,Y,1,?
7D7M,A,A,6,5,GLY,GLY,Y,1,?
7D7M,A,A,7,6,VAL,VAL,Y,1,?
7D7M,A,A,8,7,GLN,GLN,Y,1,?
7D7M,A,A,9,8,SER,SER,Y,1,?
7D7M,A,A,10,9,SER,SER,Y,1,?
7D7M,A,A,11,10,ALA,ALA,Y,1,?
7D7M,A,A,12,11,SER,SER,Y,1,?
7D7M,A,A,13,12,LEU,LEU,Y,1,?
7D7M,A,A,14,13,SER,SER,Y,1,?
7D7M,A,A,15,14,PRO,PRO,Y,1,?
7D7M,A,A,16,15,ASP,ASP,Y,1,?
7D7M,A,A,17,16,ARG,ARG,Y,1,?
7D7M,A,A,18,17,LEU,LEU,Y,1,?
7D7M,A,A,19,18,ASN,ASN,Y,1,?
7D7M,A,A,305,346,CYS,CYS,Y,1,?
7D7M,A,A,306,347,LEU,LEU,Y,1,?
7D7M,A,A,307,348,PHE,PHE,Y,1,?
7D7M,A,A,308,349,CYS,CYS,Y,1,?
7D7M,A,A,309,350,ARG,ARG,Y,1,?
7D7M,A,A,310,351,ILE,ILE,Y,1,?
7D7M,A,A,311,352,GLY,GLY,Y,1,?
7D7M,A,A,312,353,GLY,GLY,Y,1,?
7D7M,A,A,313,354,SER,SER,Y,1,?
7D7M,A,A,314,355,ARG,ARG,Y,1,?
7D7M,A,A,315,356,ARG,ARG,Y,1,?
7D7M,A,A,316,357,GLU,GLU,Y,1,?
7D7M,A,A,317,358,ARG,ARG,Y,1,?
7D7M,A,A,318,359,SER,SER,Y,1,?
7D7M,A,A,319,360,GLY,GLY,Y,1,?
7D7M,A,A,320,361,GLN,GLN,Y,1,?
7D7M,A,A,321,362,HIS,HIS,Y,1,?
7D7M,A,A,322,363,CYS,CYS,Y,1,?
7D7M,A,A,323,364,SER,SER,Y,1,?
7D7M,A,A,324,365,ASP,ASP,Y,1,?
7D7M,A,A,325,366,SER,SER,Y,1,?
7D7M,A,A,326,367,LEU,LEU,Y,1,?
7D7M,A,A,327,368,GLU,GLU,Y,1,?
7D7M,A,A,328,369,LEU,LEU,Y,1,?
7D7M,A,A,329,370,GLU,GLU,Y,1,?
7D7M,A,A,330,371,VAL,VAL,Y,1,?
7D7M,A,A,331,372,LEU,LEU,Y,1,?
7D7M,A,A,332,373,PHE,PHE,Y,1,?
7D7M,A,A,333,374,GLN,GLN,Y,1,?
