uniprot_position,residue_name_3letter,in_5YWY_7UR_pocket,distance_to_7UR_angstrom,in_7D7M_P2E_pocket,distance_to_P2E_angstrom
20,PRO,NO,,YES,4.906
23,ILE,YES,4.214,YES,5.672
24,PRO,YES,3.653,YES,3.447
25,ALA,NO,,YES,5.687
27,MET,YES,4.037,YES,3.12
28,PHE,NO,,YES,4.084
65,ASP,NO,,YES,5.073
68,GLY,NO,,YES,3.771
69,THR,NO,,YES,3.08
70,LEU,NO,,YES,5.498
72,VAL,YES,3.904,YES,3.412
73,SER,NO,,YES,3.294
74,PRO,NO,,YES,5.332
75,VAL,NO,,YES,5.934
76,THR,YES,2.755,YES,3.293
77,ILE,NO,,YES,5.294
79,THR,YES,5.681,NO,
80,TYR,YES,2.031,YES,3.133
99,LEU,YES,3.303,YES,3.708
100,LEU,NO,,YES,5.712
102,PHE,NO,,YES,4.799
103,SER,NO,,YES,3.526
166,PRO,YES,5.504,YES,3.924
168,THR,YES,3.445,YES,3.271
169,TRP,YES,3.418,YES,3.823
170,CYS,YES,5.798,NO,
288,LEU,NO,,YES,3.859
306,VAL,NO,,YES,5.191
312,LEU,YES,3.617,YES,3.371
314,ALA,NO,,YES,5.799
315,ILE,YES,3.411,YES,3.705
316,ARG,YES,2.554,YES,3.338
317,ILE,YES,4.668,NO,
318,ALA,YES,5.115,YES,3.412
319,SER,YES,2.914,YES,3.625
320,VAL,YES,3.227,NO,
322,PRO,NO,,YES,4.245
323,ILE,NO,,YES,4.467
