order,uniprot_position,residue_name_3letter,in_5YWY_7UR_pocket,distance_to_7UR_angstrom,in_7D7M_P2E_pocket,distance_to_P2E_angstrom,in_feature_panel,feature_panel_reason
1,20,PRO,NO,,YES,4.906,NO,
2,23,ILE,YES,4.214,YES,5.672,YES,shared_between_anchors
3,24,PRO,YES,3.653,YES,3.447,YES,shared_between_anchors
4,25,ALA,NO,,YES,5.687,NO,
5,27,MET,YES,4.037,YES,3.12,YES,shared_between_anchors
6,28,PHE,NO,,YES,4.084,NO,
7,65,ASP,NO,,YES,5.073,NO,
8,68,GLY,NO,,YES,3.771,NO,
9,69,THR,NO,,YES,3.08,YES,nearest_specific_to_7D7M_P2E
10,70,LEU,NO,,YES,5.498,NO,
11,72,VAL,YES,3.904,YES,3.412,YES,shared_between_anchors
12,73,SER,NO,,YES,3.294,YES,nearest_specific_to_7D7M_P2E
13,74,PRO,NO,,YES,5.332,NO,
14,75,VAL,NO,,YES,5.934,NO,
15,76,THR,YES,2.755,YES,3.293,YES,shared_between_anchors
16,77,ILE,NO,,YES,5.294,NO,
17,79,THR,YES,5.681,NO,,NO,
18,80,TYR,YES,2.031,YES,3.133,YES,shared_between_anchors
19,99,LEU,YES,3.303,YES,3.708,YES,shared_between_anchors
20,100,LEU,NO,,YES,5.712,NO,
21,102,PHE,NO,,YES,4.799,NO,
22,103,SER,NO,,YES,3.526,NO,
23,166,PRO,YES,5.504,YES,3.924,YES,shared_between_anchors
24,168,THR,YES,3.445,YES,3.271,YES,shared_between_anchors
25,169,TRP,YES,3.418,YES,3.823,YES,shared_between_anchors
26,170,CYS,YES,5.798,NO,,NO,
27,288,LEU,NO,,YES,3.859,NO,
28,306,VAL,NO,,YES,5.191,NO,
29,312,LEU,YES,3.617,YES,3.371,YES,shared_between_anchors
30,314,ALA,NO,,YES,5.799,NO,
31,315,ILE,YES,3.411,YES,3.705,YES,shared_between_anchors
32,316,ARG,YES,2.554,YES,3.338,YES,shared_between_anchors
33,317,ILE,YES,4.668,NO,,YES,nearest_specific_to_5YWY_7UR
34,318,ALA,YES,5.115,YES,3.412,YES,shared_between_anchors
35,319,SER,YES,2.914,YES,3.625,YES,shared_between_anchors
36,320,VAL,YES,3.227,NO,,YES,nearest_specific_to_5YWY_7UR
37,322,PRO,NO,,YES,4.245,NO,
38,323,ILE,NO,,YES,4.467,NO,
